circuito,69,201,217,231,502,503,543,567,570,578,22
245,101,110,97,67,4685,207,504,115,34,3372,75
74,21,22,12,78,1453,53,215,50,19,294,24
6F,66,145,160,29,1887,358,436,120,191,1885,50
276,3,9,9,18,237,49,117,22,18,331,4
162,202,45,186,76,1642,67,415,63,17,925,32
14G,69,215,176,51,2842,429,701,172,38,1659,65
9E,53,115,145,17,1732,276,383,93,27,467,44
4B,131,489,601,47,6039,627,1018,256,52,1497,103
370,1,1,0,3,6,1,7,2,0,10,0
159,48,84,59,46,1596,172,434,93,28,1145,45
6E,13,31,18,20,278,60,142,34,13,894,6
197,0,0,0,4,48,2,8,1,1,177,0
377,2,0,0,0,50,1,13,1,1,131,0
281,0,0,0,3,31,2,2,2,2,30,1
7,0,2,0,0,28,1,1,2,0,17,0
263B,1,1,0,1,1,2,0,0,0,5,0
242A,0,0,0,0,4,0,0,0,0,1,0
372,10,14,9,29,299,14,150,20,3,195,10
382,5,2,3,2,133,2,12,5,3,290,1
62,6,8,6,12,314,9,149,12,8,154,5
18B,1,2,0,0,64,4,4,3,1,77,0
11F,82,191,253,41,2823,358,567,246,55,1215,54
14B,76,161,224,17,2499,312,535,113,23,679,45
333,0,2,0,1,182,2,7,3,0,117,0
90,130,142,154,231,4686,309,1826,319,79,4054,97
217,1,1,0,0,29,0,2,0,0,21,0
283A,1,1,0,0,102,0,2,2,1,24,0
6A,0,0,0,0,0,0,0,0,0,0,0
178B,3,1,0,1,28,2,14,2,0,40,0
73,4,7,5,16,305,12,49,22,6,446,5
225,2,6,0,13,76,3,34,24,5,331,0
184A,2,3,1,3,394,6,20,8,1,58,2
190,1,1,0,1,38,1,2,2,0,27,0
91C,3,1,3,5,57,6,5,6,1,140,0
77,10,13,21,37,966,25,69,36,7,820,20
11L,26,40,98,0,1794,21,49,16,2,124,8
236,5,9,5,7,487,8,29,8,6,598,3
99,25,35,18,90,1135,50,136,70,50,1118,21
88A,0,0,0,0,0,0,0,0,0,0,0
216,0,0,0,0,12,1,0,0,0,11,0
263,14,13,11,22,602,82,166,53,10,589,22
69,0,1,0,0,11,0,5,1,0,11,0
76,8,3,4,7,514,9,83,16,3,137,5
134,22,18,26,42,1647,60,347,52,22,1901,34
298,105,73,96,107,3537,238,648,125,41,4697,86
155,3,7,2,8,121,26,90,9,3,71,9
337,14,14,11,16,683,23,78,21,6,964,10
345,1,4,0,3,125,3,14,1,0,148,0
23,2,10,12,10,268,26,116,15,7,655,6
18D,2,0,0,9,43,1,4,1,0,67,1
335,10,12,11,24,392,29,89,12,12,964,9
5H,10,26,24,24,246,59,214,53,115,462,16
40,125,292,301,75,4734,820,1488,277,149,2761,187
13C,148,362,313,70,4290,579,916,230,50,1996,135
362,0,0,0,0,5,0,3,0,0,1,0
328,16,24,21,19,391,43,107,24,7,204,7
397A,0,0,0,0,1,0,0,0,0,2,1
312,0,0,0,0,6,0,0,0,0,5,0
297,13,9,5,10,365,5,36,10,10,424,8
10D,16,49,56,11,683,101,149,52,34,411,16
326C,17,74,60,17,745,93,192,48,10,522,19
31,6,20,9,12,232,29,119,13,7,330,4
9B,105,185,277,31,3004,336,524,118,34,796,45
213,10,8,7,16,638,23,30,18,9,633,11
302,0,0,0,0,31,0,4,4,0,17,0
12D,187,647,549,153,6582,1208,1961,442,273,4844,204
238,4,5,4,3,357,15,32,5,4,273,2
311,0,1,1,2,51,1,4,0,0,75,0
22,26,12,3,14,264,13,73,21,5,199,6
264,1,0,1,2,49,2,53,1,2,139,0
14H,44,97,110,27,1325,168,299,103,30,920,35
5I,30,125,82,36,1036,230,333,79,26,1402,36
48,0,5,1,1,106,6,27,1,0,144,2
9F,135,318,446,47,4624,671,975,273,68,1517,100
260,8,10,7,15,231,15,42,11,8,265,3
274A,2,5,4,6,73,12,35,6,4,183,2
35A,4,25,8,3,215,27,33,9,4,409,4
146B,1,2,0,2,28,0,6,0,1,76,1
346,0,5,5,13,582,16,32,5,8,265,2
181,6,3,3,4,33,1,13,5,1,49,0
291A,1,0,0,0,37,1,0,0,1,4,0
255,2,2,2,5,177,2,28,5,2,124,3
140,0,2,0,1,21,2,13,1,2,48,0
269B,0,0,0,0,4,0,1,0,0,14,0
88B,0,0,0,0,0,0,0,0,0,0,0
33,195,271,259,176,11227,644,1455,389,115,4197,151
315,2,2,2,7,218,9,14,11,2,243,6
329,0,4,0,5,54,5,10,5,0,51,0
97,0,0,1,0,22,0,7,0,1,9,0
125,37,259,23,86,3176,108,471,93,30,2053,44
316D,6,4,2,2,135,25,58,6,3,89,3
230,5,15,8,14,942,22,77,23,6,446,8
174,0,0,1,1,126,0,11,1,3,57,0
12C,33,93,76,34,1249,161,366,88,28,939,54
313,1,1,1,5,150,3,9,3,6,300,3
226,5,6,1,4,60,3,13,5,3,131,2
200,3,2,2,4,169,6,3,4,2,154,0
375,264,180,211,233,10512,476,2101,326,131,5420,128
27,23,39,67,33,1179,105,233,44,17,514,25
278,8,11,4,6,546,9,39,15,3,654,11
79,17,17,7,26,819,23,151,40,12,819,5
227,4,3,1,4,129,2,54,8,2,242,2
128,8,7,9,23,954,33,232,15,6,1304,13
109,70,55,173,134,3234,150,576,155,44,1751,61
319,11,30,52,20,385,67,130,26,5,301,19
13M,5,11,9,3,161,17,16,4,2,55,2
215,0,0,0,0,45,0,1,0,0,68,1
237,32,39,33,46,2293,77,282,57,19,1160,19
294,4,5,0,8,198,3,23,4,3,435,3
288,7,5,3,9,401,14,40,15,2,956,5
12H,106,314,299,51,3610,502,707,183,53,1784,84
12,47,191,182,51,2677,386,492,171,47,1739,62
65,0,1,0,0,12,1,0,0,0,0,0
295A,2,1,0,1,139,2,6,4,1,32,0
300,2,8,2,9,380,6,27,18,2,401,3
20B,9,6,6,7,297,56,273,14,5,292,10
13I,54,119,99,37,1591,237,442,129,56,1117,52
29,78,162,169,88,6180,366,725,256,47,3306,99
96A,5,7,1,9,192,7,34,7,5,103,0
227D,1,3,3,4,139,7,31,7,2,62,1
265,10,36,16,43,612,45,299,39,25,1786,26
229,27,41,15,74,1236,59,208,64,19,1380,17
287,1,1,0,4,20,1,3,0,1,32,1
288A,0,3,1,1,30,3,2,0,0,82,0
368,0,1,4,118,136,0,13,2,2,176,2
344,71,78,92,106,4090,263,515,119,47,1940,66
351A,7,10,1,10,161,17,22,16,1,195,3
118,46,32,35,57,1578,98,348,114,29,1010,27
81,0,0,1,2,28,2,3,0,0,6,0
116,12,7,10,21,358,8,161,18,7,344,11
12E,31,102,86,25,1135,147,257,74,36,1315,21
14A,119,269,302,112,3648,628,1642,382,148,3908,112
47,1,4,0,0,12,1,13,2,0,22,0
11J,188,408,554,60,6039,854,1244,324,77,1934,124
138,7,5,2,11,145,5,61,11,1,255,1
323,44,45,71,29,1815,106,327,59,17,1735,25
357,4,14,17,9,919,31,56,31,9,354,10
263A,2,2,2,6,14,4,1,2,3,26,2
252,29,14,23,47,2262,35,139,45,12,1068,19
68,0,0,0,2,74,1,2,3,0,75,4
82,5,4,9,5,181,9,61,13,4,117,3
26,86,84,95,100,3523,313,890,189,48,2945,63
103,0,1,0,1,19,1,4,1,0,18,0
137,1,2,9,11,305,2,21,10,1,187,2
347A,2,2,5,1,94,0,4,0,1,82,2
4C,37,149,206,15,1393,194,301,75,22,686,33
156,533,707,571,335,19258,1563,3716,754,193,6966,334
224,0,0,0,0,5,1,3,0,0,4,0
80,1,4,3,18,167,7,31,6,3,180,2
279,89,110,309,167,6627,233,821,215,153,5460,86
15A,0,2,0,0,51,3,38,7,3,92,2
139,0,0,0,0,0,0,0,0,0,0,0
150,139,207,211,138,5382,760,1862,304,159,3557,184
126,25,25,23,56,2005,71,211,84,17,1773,27
9G,76,133,201,20,2049,246,382,91,26,481,32
18,5,22,17,22,469,24,72,13,6,201,5
201A,0,0,1,0,72,3,0,0,1,27,1
61,25,47,46,80,2194,79,600,85,25,1253,39
133,111,212,108,168,8310,274,1276,246,73,4752,106
14K,40,80,73,19,1170,199,267,82,23,564,26
9A,46,106,131,18,1904,227,321,87,16,539,37
5G,145,330,396,55,4594,721,1026,248,45,1834,82
334,0,0,0,0,0,0,0,0,0,0,0
8C,99,203,165,36,2789,354,561,144,38,1277,62
352A,0,2,0,4,27,1,1,1,1,92,2
206,1,0,0,0,31,1,0,0,1,2,0
4E,10,45,25,13,446,98,159,43,19,477,13
332,0,2,0,1,203,0,5,3,3,129,0
225A,0,0,0,0,4,0,3,0,1,17,0
317,2,6,3,0,104,16,32,5,3,75,1
58,1,3,6,2,56,2,2,3,1,122,0
324,13,27,19,6,377,32,102,28,26,293,14
10A,43,168,100,36,1493,252,361,102,23,991,80
358,1,0,2,0,69,64,2,4,2,242,0
14O,48,146,136,46,1734,323,487,113,57,1142,46
11K,74,166,211,63,2516,474,876,211,121,2378,70
7G,128,315,239,66,3625,625,857,286,62,2047,89
260A,0,0,0,0,4,0,1,0,0,13,0
91A,0,0,0,0,4,0,4,0,0,3,0
272,8,10,4,11,303,48,156,28,0,266,12
7C,0,0,0,0,5,0,1,0,0,1,0
261A,6,8,13,11,194,24,61,14,2,199,8
37,168,245,436,83,6140,836,1413,340,95,2412,149
367,0,1,0,3,81,1,11,1,0,157,0
122,2,3,1,3,41,6,13,3,1,121,1
4,276,295,712,57,7343,923,1477,491,120,1305,99
328B,9,13,12,3,299,12,22,10,8,226,5
21,3,4,5,1,130,1,4,5,0,36,0
273,8,8,8,20,155,26,128,12,6,485,4
11D,168,314,522,39,4713,600,914,188,42,1353,97
13O,0,0,0,0,0,0,0,0,0,0,0
95,105,145,186,419,4453,410,1688,305,93,4054,110
14L,30,43,106,3,1300,99,191,30,7,187,17
33A,0,1,3,2,135,3,2,4,1,32,1
10,150,431,513,72,4696,836,1347,457,170,2462,100
326A,17,59,60,10,1084,102,160,44,19,552,16
153,66,72,91,44,2263,179,395,113,28,1427,51
187,0,1,1,3,18,6,6,3,0,12,3
10B,130,340,429,34,4206,611,833,228,60,1235,87
184,97,64,34,86,2803,97,753,154,40,1272,40
331,28,83,69,34,1174,124,281,66,26,1270,26
54A,0,0,0,0,26,0,6,2,0,9,0
11M,62,123,220,7,2758,105,182,43,17,365,11
138C,0,3,0,3,38,2,20,3,0,124,1
46B,0,1,0,2,66,0,5,1,0,11,0
167,6,3,6,9,296,7,21,10,1,422,1
110A,0,1,2,1,16,0,0,1,0,43,0
14M,106,229,417,16,4255,366,576,123,60,635,48
52,0,4,0,2,21,2,14,1,0,24,0
266A,0,0,0,0,7,0,11,0,1,36,0
86,2,2,2,5,289,5,27,9,2,98,4
7A,26,120,98,46,1469,223,426,152,24,1602,41
59,9,12,9,25,518,29,76,41,11,259,6
400,18,12,29,29,965,36,102,42,10,703,21
10G,244,420,692,69,6072,1108,1771,486,131,2030,144
138A,0,0,0,0,1,0,0,0,0,9,0
141,0,0,0,1,8,0,2,0,0,15,0
336,75,79,90,72,3025,258,731,145,30,2930,56
316G,11,29,15,12,462,59,132,40,24,334,15
108,11,9,3,12,281,7,39,10,4,413,5
147A,9,22,15,13,355,57,83,17,4,331,28
13D,21,90,54,15,663,121,159,63,14,617,28
5C,155,513,499,108,6036,748,1131,307,81,2699,120
259,0,0,0,0,2,0,0,0,0,8,0
6C,166,250,426,34,4499,558,831,211,47,970,60
251,0,0,0,1,13,0,0,0,0,64,0
192,1,3,0,4,154,2,15,7,4,142,0
349,25,28,44,53,1472,119,199,56,16,1436,27
5B,14,75,48,8,759,69,135,68,8,227,10
10L,171,603,380,150,6007,1173,1690,475,253,5198,180
230A,5,6,3,2,293,8,9,9,0,163,6
131,47,64,90,88,3167,140,780,121,36,1957,68
18C,0,0,0,0,0,0,0,0,0,0,0
144,4,6,4,6,43,11,65,13,3,213,0
152,43,80,54,49,1484,174,473,79,27,1260,60
120,37,44,48,60,2709,69,258,81,36,784,24
227B,3,2,2,2,107,5,71,1,1,58,1
188,1376,391,607,520,23328,1367,5167,954,406,14826,429
301,30,10,5,12,538,10,43,15,7,460,5
258,2,9,2,6,154,7,23,5,2,211,4
222,4,3,6,11,403,7,10,18,3,178,1
147B,7,26,30,10,733,71,149,26,16,316,19
376,1,2,0,2,116,1,5,1,2,208,0
43B,1,1,0,1,55,0,4,0,0,50,0
219,0,4,4,1,70,2,2,0,0,37,0
186,271,171,170,199,4497,391,2189,401,140,7487,146
9C,132,308,343,47,4460,582,964,230,90,2015,130
16C,0,6,1,2,25,5,4,5,0,25,0
175,1,0,0,0,20,1,7,2,1,14,1
269A,3,1,5,9,51,3,36,6,2,152,2
121,9,19,8,19,633,24,62,22,13,643,9
391,45,41,29,60,2043,62,631,59,19,1357,27
158,111,84,95,51,1920,221,795,86,27,814,56
316C,0,4,1,0,42,3,26,5,1,46,1
132,7,13,6,16,897,25,79,16,9,824,15
146A,2,2,1,4,30,1,13,1,2,112,1
338,4,6,4,9,451,17,71,14,2,750,8
244,8,15,28,15,719,22,103,22,2,743,7
13B,1,4,2,2,24,2,15,2,0,27,2
340,58,87,60,94,3957,177,370,132,38,1783,68
267,1,4,5,8,37,5,12,1,2,227,1
54,5,12,18,18,295,116,557,54,12,561,23
231,6,0,2,2,183,3,14,3,0,79,2
31B,1,1,5,3,76,24,61,8,2,80,3
172,87,37,27,48,1599,64,295,59,23,1141,26
34,54,164,131,65,2446,377,726,198,67,3049,57
142A,0,1,0,2,13,2,6,0,0,83,0
201,0,0,0,0,56,0,3,0,0,39,0
40A,120,353,359,37,4061,485,1079,207,55,1153,99
209,1,2,0,3,63,3,7,4,0,15,0
2,52,100,183,21,1914,259,457,145,31,528,48
31A,19,38,62,18,799,122,242,43,29,267,26
227A,2,1,1,6,72,5,12,6,0,100,3
66,4,8,6,22,639,19,70,32,10,242,7
7E,193,381,404,69,5193,846,1292,312,131,2204,138
316F,15,19,17,9,292,43,123,14,4,189,8
63,24,23,17,25,1852,29,75,34,14,694,5
117,11,18,13,15,595,37,241,22,8,594,7
146C,0,0,0,0,55,0,1,0,0,34,1
141A,0,1,0,4,15,0,8,2,0,50,0
343,6,16,12,13,219,14,14,17,3,138,4
221,0,0,0,2,36,0,0,0,1,34,1
17,42,47,73,94,1683,192,505,124,39,2151,58
263C,7,5,5,10,180,21,46,7,3,205,3
269,8,14,6,33,467,32,306,33,6,1177,13
119,20,34,57,30,896,24,115,34,9,937,13
291,30,36,27,45,1498,39,160,40,14,2342,29
392,32,38,29,60,932,48,547,41,13,513,22
314,16,20,21,23,844,31,111,37,11,1095,14
145,1,4,0,4,114,1,9,1,2,175,0
36,4,2,5,1,143,2,15,4,1,77,1
88,21,21,21,35,960,72,157,56,11,731,9
274,4,5,3,16,141,20,66,15,9,206,12
14J,91,150,489,13,3886,223,399,84,29,571,30
166,86,43,39,61,2155,99,432,72,19,1185,40
110,0,0,1,2,16,2,13,0,0,7,0
151,4,5,5,0,86,37,64,14,2,255,4
136,10,14,6,23,586,13,78,18,6,649,11
365,0,0,0,0,0,0,0,0,0,2,0
83,4,18,19,28,426,17,70,17,4,231,6
51A,0,1,0,0,18,1,11,0,0,18,0
8A,31,82,82,17,1201,149,268,71,24,856,30
180,7,0,1,1,84,2,0,2,1,55,1
316J,27,90,71,14,817,136,281,59,25,509,32
170,252,24,17,22,818,50,135,27,15,567,10
14,58,132,283,25,2701,182,408,69,20,327,20
191A,2,1,1,3,77,1,22,4,2,111,0
275,16,23,15,27,330,19,217,28,15,751,19
163,18,10,11,11,379,23,102,21,4,193,5
310A,100,87,164,109,6986,471,1295,249,95,8863,69
156C,7,14,11,9,354,48,84,21,1,331,7
32,12,15,15,15,581,56,121,31,10,491,7
57,5,11,3,11,140,8,118,22,3,535,1
24,8,9,10,12,468,43,197,28,6,335,10
381,17,10,8,13,381,10,49,12,8,366,1
316I,3,16,24,3,316,49,97,19,6,154,8
199,0,0,0,0,0,0,0,0,0,0,0
14N,45,87,98,24,1272,226,328,115,24,894,37
123,35,35,18,39,1475,42,199,49,26,849,13
50,3,3,5,6,141,7,66,10,5,318,3
305,28,16,14,28,1394,26,79,30,11,1860,17
56,36,48,67,56,1948,106,384,72,26,1271,40
26A,0,0,3,2,18,4,5,2,1,81,0
351,7,2,3,5,562,9,18,9,3,150,2
203,1,4,1,1,98,3,3,2,2,171,1
41A,88,227,205,65,2798,427,740,157,60,2697,92
268,199,237,173,310,7211,603,1723,314,114,7256,154
164,29,8,6,13,630,18,146,31,5,386,13
237B,1,0,0,3,27,0,16,1,0,88,1
342,40,51,43,51,1389,57,258,52,25,816,23
10H,150,377,525,42,4553,723,958,245,51,1336,106
265B,0,3,0,1,6,1,7,0,1,15,0
38,72,145,165,58,2333,422,641,162,46,1432,79
149,1,8,7,1,189,36,131,15,5,102,14
218,47,80,81,47,2396,88,227,53,15,1787,28
169,12,0,2,5,191,7,45,8,3,60,4
316H,6,14,45,12,398,55,131,23,2,130,8
14C,62,137,168,16,2001,241,427,97,27,427,30
10M,10,38,32,30,271,123,110,31,20,574,10
128A,0,0,0,1,41,1,9,1,0,55,1
43A,0,0,0,0,0,0,0,0,0,0,0
20,15,15,17,12,417,55,181,36,9,212,10
182,8,5,3,8,404,12,15,11,2,225,5
352,5,4,7,19,389,5,33,10,1,757,4
13N,44,191,165,30,2576,359,512,139,21,1069,57
127,16,10,11,16,1033,21,100,24,5,229,11
13K,11,17,21,7,368,35,41,15,3,157,5
6D,79,165,245,16,2828,411,638,114,35,655,50
256,1,0,1,3,30,1,13,1,0,49,1
14E,69,173,179,35,2138,309,481,162,47,1000,46
348,319,358,494,564,12459,1028,3179,583,185,8636,315
13F,77,221,210,42,2825,330,485,144,102,1209,60
91,1,6,1,8,119,3,33,4,0,174,1
292,1,1,1,1,21,0,2,1,1,26,1
5A,34,100,84,50,1148,194,336,85,40,1388,32
144B,0,0,0,0,2,0,3,0,0,8,0
42,0,2,1,3,41,3,11,1,0,223,5
16,0,0,0,0,0,0,0,0,0,0,0
271,15,13,7,37,346,35,88,26,8,559,16
154,109,233,175,91,4611,363,1043,197,79,2443,96
393,26,24,23,59,1381,55,180,50,16,1280,21
215A,1,1,3,1,73,0,6,0,1,5,0
130,3,3,1,5,169,6,49,4,1,239,3
242,1,6,0,3,133,4,14,3,0,159,2
208,2,5,0,3,108,2,12,3,1,68,0
13L,3,11,6,3,154,11,19,9,3,82,4
11I,94,277,260,116,3013,568,1320,259,103,3511,99
11B,140,164,222,26,2457,241,434,102,29,877,37
13J,220,665,627,160,8277,1106,2090,479,154,5388,177
44,159,185,162,205,5452,319,2242,285,109,6117,112
396A,0,0,0,0,23,0,2,0,0,1,1
355,6,11,6,11,464,17,70,26,10,184,6
212B,1,1,0,2,79,0,8,0,2,83,1
266,15,8,4,8,114,12,50,21,6,541,4
241,28,36,30,56,2071,78,198,55,29,1304,33
25A,0,2,3,0,45,2,6,2,1,16,1
111,8,9,6,13,332,4,89,14,2,257,3
214,6,11,10,10,627,32,100,28,7,367,13
14I,63,154,189,24,2323,252,420,111,31,506,32
330A,3,5,5,4,166,11,69,16,5,91,4
1,194,261,517,45,5402,665,1172,327,68,1089,91
316E,6,36,22,6,314,38,95,14,8,283,7
261,48,49,46,55,1717,152,456,73,21,1210,45
286,1,3,1,2,52,0,8,5,1,35,1
303,12,10,15,11,560,25,122,15,9,742,10
194,7,5,5,11,184,4,66,14,3,75,2
145A,0,0,0,5,42,2,27,2,0,62,0
12A,42,115,70,66,1201,191,484,145,113,1446,45
282,32,31,26,56,1871,68,416,54,18,3637,18
279A,4,4,5,12,61,0,10,12,0,123,2
370A,0,0,0,0,4,0,0,0,0,5,0
5F,24,63,73,40,707,160,368,86,57,1502,37
364,27,42,13,52,1057,74,273,40,52,1226,23
10C,38,139,110,52,1510,287,531,120,34,1705,52
131A,0,0,1,0,15,0,0,2,0,9,1
3,253,359,710,65,6351,1095,1586,450,108,1508,125
4D,15,114,161,6,1118,72,120,29,9,142,9
155A,2,8,8,4,297,28,72,20,1,220,10
144A,0,0,0,0,2,1,4,2,0,24,0
102,41,28,95,60,1229,57,265,60,22,1511,27
84,0,0,0,0,10,0,3,1,0,6,0
5E,23,99,64,30,1005,157,300,68,23,908,37
13G,117,423,354,97,5150,668,1098,356,154,3843,148
10E,95,368,251,96,3231,587,902,220,58,2324,78
189,62,48,66,76,2549,76,329,80,44,1624,34
101,0,1,0,0,26,1,8,0,0,16,1
402,3,8,3,15,405,10,29,14,7,545,7
11,24,73,57,32,1040,175,269,97,24,1146,36
289,9,11,7,10,295,9,42,6,2,489,7
265A,23,37,19,47,998,64,398,108,20,1361,20
10J,110,337,359,111,3686,570,852,244,94,1954,92
9D,114,265,288,24,3974,384,632,197,45,863,69
14F,67,189,230,13,2481,312,387,118,29,769,41
12F,178,561,572,75,6151,902,1273,336,107,2532,167
371,4,7,3,7,428,21,47,8,6,577,4
307,0,0,0,0,0,0,0,0,0,0,0
240,122,162,131,86,3813,350,1059,219,44,2999,69
233,9,11,10,15,487,38,92,20,9,243,6
28,107,179,270,75,3244,412,639,248,149,3276,93
78,5,6,20,13,503,14,66,12,2,303,4
195,0,0,0,0,20,1,3,2,1,71,0
7B,278,560,568,72,7581,1109,1827,451,82,2690,159
239,103,93,77,95,4302,227,1062,123,35,2643,92
261B,0,1,0,1,6,0,0,1,0,10,0
384,8,7,8,24,494,21,213,23,5,174,4
6B,0,7,1,3,52,3,15,1,0,54,1
316B,0,0,1,0,24,8,21,3,0,47,1
43C,0,0,0,0,0,0,0,0,0,0,0
389,41,23,38,40,1669,82,337,67,20,1396,37
157,53,114,112,76,2628,309,574,132,34,1510,96
98,0,1,1,0,11,0,10,0,0,9,0
26B,2,1,0,0,55,5,7,8,1,29,0
43,0,1,0,3,5,0,2,1,1,4,0
316A,28,106,86,41,1306,190,481,96,29,761,34
183,109,88,63,102,3392,149,710,170,52,1269,53
299,1,0,0,1,88,1,14,1,2,130,1
46,4,8,2,8,74,7,60,7,3,149,2
72,11,18,8,42,833,14,198,24,8,618,12
25,26,24,49,22,821,26,67,23,4,1040,13
211,79,168,133,56,3505,258,585,155,31,2199,72
262,47,44,48,54,2666,292,487,108,31,2042,50
226A,0,2,0,7,51,1,17,4,1,125,0
349A,0,2,3,3,129,7,4,2,1,133,1
396,32,65,64,79,3069,114,377,109,28,1289,24
263E,6,8,5,11,219,30,83,8,5,102,5
277,94,8,9,17,714,39,33,27,1,1075,5
30,53,97,118,26,2256,140,346,70,13,1068,35
55,15,15,5,31,671,20,219,24,6,591,5
156D,57,44,59,29,1651,147,377,60,21,608,35
6,57,132,150,20,1661,257,323,78,34,711,32
28A,109,296,299,57,3935,495,670,222,36,3259,99
16A,1,1,0,1,25,1,12,0,1,19,0
363,0,0,0,0,2,0,0,0,0,13,0
354,2,5,2,3,47,7,23,2,2,52,0
232,10,16,28,22,597,23,57,9,4,405,11
5D,64,191,188,74,2076,426,1017,146,66,2633,63
236A,0,0,0,0,0,0,0,0,0,0,0
257,9,29,13,36,782,27,154,30,15,990,15
158C,21,38,35,22,930,111,297,33,11,354,18
325,13,15,17,8,443,23,54,15,1,382,18
265C,8,12,3,18,64,13,101,13,2,372,2
20A,68,48,64,58,2885,191,637,152,28,1287,56
350,0,0,1,3,213,0,8,3,2,33,1
185,0,0,0,0,1,0,0,0,0,0,0
374,1,2,2,3,289,6,103,3,6,99,1
4A,205,563,559,74,6212,927,1291,342,103,2279,121
53B,0,0,0,0,4,0,0,0,0,2,0
229A,1,3,0,1,102,2,7,2,1,16,0
178,1,3,2,0,7,1,7,2,2,15,0
359,31,46,45,48,2716,88,350,75,21,2192,39
386,0,4,5,10,66,2,75,4,0,290,2
173,0,0,0,0,4,0,1,0,0,0,0
275A,17,33,7,29,96,24,49,20,12,1271,10
158B,5,29,17,18,427,57,107,32,9,192,15
210,2,2,1,1,19,1,5,0,0,11,1
372A,0,2,0,5,73,5,15,8,0,23,0
158A,5,8,4,3,153,16,67,9,6,118,4
11H,137,172,239,20,2801,289,484,108,36,684,39
10I,94,383,423,33,3663,518,744,194,46,1275,73
12G,82,244,255,60,3224,564,730,195,131,2021,80
385,10,10,9,22,421,21,56,14,15,388,13
25B,1,4,1,0,62,10,9,4,0,141,3
387,2,15,4,8,419,11,47,11,6,505,6
191,33,30,12,31,944,23,150,37,19,731,15
248,86,155,120,210,6135,295,1070,248,65,3504,121
395,14,12,14,30,851,18,100,24,6,707,15
228,16,32,15,34,598,15,135,23,5,481,7
168,4,3,2,2,184,6,14,10,4,354,2
70,22,25,16,45,1137,35,142,51,25,1707,22
341,21,37,42,62,1480,97,195,76,26,1030,29
50A,8,10,2,12,143,5,105,7,10,150,2
176,0,1,0,1,22,0,4,0,0,14,0
41,287,824,792,86,11119,1033,2049,459,155,3891,215
204,13,4,9,5,340,8,23,11,2,529,5
160,28,19,23,59,917,44,187,48,22,479,15
179,129,42,55,146,2243,193,537,113,54,1382,43
295,6,13,9,11,466,14,27,10,5,483,6
7F,74,170,168,31,2523,313,519,168,38,1441,78
254,0,4,0,3,21,0,2,3,3,35,0
356,1,0,4,1,63,3,3,0,1,157,1
13,101,223,228,50,2956,312,588,132,26,1223,62
13H,127,371,343,96,4760,667,938,263,81,2811,117
330,5,11,7,7,238,21,76,15,1,93,3
93,1,2,1,1,57,3,6,7,1,170,0
207,1,1,0,3,99,0,4,1,0,41,1
11A,187,452,614,85,6718,1124,1643,431,113,2869,180
49,1,1,0,0,20,2,17,2,0,16,1
7D,125,247,303,27,3486,467,739,213,62,742,51
310,89,114,204,134,7443,547,1408,280,90,9482,117
263D,2,4,4,4,103,14,46,6,1,173,4
293,22,33,10,20,794,35,115,26,8,1446,16
14Q,5,17,19,1,320,21,48,7,4,36,1
165,528,151,216,216,7572,557,2640,461,185,7650,186
152A,55,77,109,45,1681,158,477,112,26,779,53
24A,26,29,16,38,877,92,353,54,14,813,17
327,4,5,5,1,179,3,12,3,2,167,1
397,3,5,9,4,487,11,32,8,4,434,8
193,5,4,5,11,185,5,48,14,7,92,1
285,22,26,25,32,1231,63,369,52,10,2160,23
138D,0,1,0,1,7,3,8,0,0,72,0
328A,10,6,10,10,147,22,55,18,4,250,8
18A,1,1,4,0,40,1,1,2,1,18,0
147,56,71,75,58,1903,231,577,96,27,1002,52
91B,1,2,0,4,49,0,3,0,0,34,0
75,1,2,5,14,249,8,23,6,5,427,3
339,29,12,8,31,337,11,106,20,6,403,8
19,28,23,33,32,1119,52,145,40,9,490,17
4F,0,0,0,0,0,0,0,0,0,0,0
45,8,22,9,29,496,18,94,18,8,178,5
304,71,100,52,91,4521,149,559,120,40,4734,45
156B,2,4,7,2,109,47,67,8,4,72,3
322,0,0,0,0,11,0,0,0,0,10,0
44A,1,7,4,3,317,5,63,6,1,128,1
366,14,5,3,94,116,8,28,5,2,387,1
51,1,6,2,3,75,8,243,5,6,444,1
326,46,104,96,59,1932,186,346,77,37,1720,35
223,3,8,0,8,188,4,11,5,2,51,3
394,13,11,13,19,618,23,87,25,9,867,12
318,2,4,6,6,211,5,19,4,1,208,5
67,0,1,1,1,21,1,2,0,1,15,0
337A,4,8,4,2,193,10,19,1,2,198,2
114,5,2,1,9,228,14,19,13,0,207,1
234,4,7,6,7,559,24,130,22,4,210,8
290,10,7,9,11,481,14,42,21,0,748,5
71,1,3,0,5,54,2,44,3,2,92,2
12I,7,30,34,18,334,78,170,44,46,843,14
53,0,0,1,0,1,0,1,0,0,2,0
146,6,8,8,12,457,22,56,22,5,642,6
8B,205,492,493,69,6203,825,1251,300,75,2801,129
369,4,6,6,12,171,4,40,5,2,78,2
100,5,13,5,24,386,11,36,20,9,302,3
55A,0,0,0,0,40,0,30,1,1,6,0
139B,2,2,1,4,26,0,13,7,1,47,0
39,0,1,1,0,11,1,0,0,0,15,0
13A,160,436,471,74,5886,674,1048,275,76,2513,123
14P,42,72,124,17,1004,181,372,59,31,393,26
13E,12,32,25,9,351,46,84,34,8,234,13
320,0,0,0,0,0,0,0,0,0,1,0
253,5,3,1,10,342,8,52,3,4,408,5
124,8,10,9,11,289,9,140,14,1,218,8
227C,1,2,2,4,26,1,10,1,0,95,0
379,0,0,0,0,5,0,2,1,0,2,0
306,1,2,0,4,139,3,13,2,0,214,0
156A,11,28,21,12,592,63,239,42,13,247,11
87,21,18,9,41,719,37,103,43,9,315,16
235,64,64,56,42,2472,151,288,66,22,1709,53
94,2,5,0,6,97,2,29,8,2,243,1
142,15,14,13,17,369,30,187,23,13,690,5
11G,93,221,286,56,2969,406,710,279,123,2523,80
212,0,1,0,3,48,0,3,0,1,39,0
373,36,34,24,69,1249,59,489,61,23,600,23
205,18,10,7,26,810,29,82,51,6,401,8
53A,0,0,0,0,4,1,7,1,0,0,0
12B,257,540,748,105,7788,984,1423,346,105,2563,194
112,59,87,124,115,3496,169,868,174,47,2485,58
316,361,539,597,272,12456,1233,2930,690,539,9116,365
353,0,0,0,0,0,0,0,0,0,0,0
171,3,0,0,5,27,4,12,5,2,19,1
178A,8,4,2,8,89,3,62,5,0,97,2
326B,21,46,54,8,649,57,108,26,4,384,4
92,1,7,1,3,150,6,17,4,1,58,1
196,0,0,0,0,0,0,0,0,0,0,0
138B,0,0,0,1,5,1,8,1,2,42,0
113,3,9,4,10,140,12,44,4,3,303,2
89,567,535,1003,1006,22698,1540,7403,1233,374,11541,503
249,6,7,5,11,457,8,60,5,7,265,5
116A,0,2,0,1,66,0,8,0,1,17,0
361,11,7,8,23,304,21,138,14,4,532,5
29A,2,0,0,2,47,0,8,2,2,165,0
294A,1,1,1,3,52,2,2,2,1,69,1
270,31,35,31,31,932,187,588,72,13,1422,26
8,6,8,5,1,133,17,41,13,1,179,3
202,0,0,0,1,75,1,5,1,0,153,0
10K,58,142,119,42,1561,216,422,126,44,1096,45
360,1,0,1,1,28,0,4,0,1,61,0
107,14,25,10,18,471,19,73,17,6,709,6
243,136,270,202,143,5509,466,1505,283,80,3475,98
9,57,144,281,18,2293,253,455,90,31,345,28
148,79,86,103,71,2866,443,1134,229,57,1574,138
156E,0,7,6,2,72,2,19,2,0,50,2
15,0,0,0,0,0,0,0,0,0,0,0
390,1,3,0,10,175,8,36,1,2,121,2
11C,162,312,464,59,4905,624,965,247,64,1956,113
5,121,292,373,62,4116,593,797,238,77,2054,92
177,23,22,8,19,652,19,191,30,9,756,8
139A,1,0,0,0,2,0,7,0,0,34,0
198,6,16,17,12,242,15,60,11,5,325,6
105,6,3,1,12,336,7,57,12,3,240,7
296,20,14,10,15,603,19,32,26,3,628,10
360B,0,2,1,1,19,3,3,2,1,18,0
11E,165,344,423,95,4841,762,1087,269,73,2604,136
309,9,4,3,8,303,9,17,4,3,703,4
140A,0,0,0,0,8,0,2,0,0,38,0
378,77,46,51,78,2587,95,659,87,24,1096,37
129,20,27,26,71,1156,52,252,57,15,679,25
135,0,0,3,4,45,3,24,3,0,155,1
401,3,1,1,3,52,2,4,3,0,83,1
14D,68,103,406,4,3155,184,324,76,14,295,18
264A,1,2,6,7,29,2,26,0,0,54,0
106,83,83,118,129,3111,194,557,124,39,2007,66
280,53,30,30,50,1672,68,282,73,19,1497,16
308,11,18,15,14,975,25,84,24,7,914,13
347,0,0,0,2,64,1,1,2,0,110,0
160A,3,3,1,3,112,6,8,2,0,54,1
161,55,45,20,67,2216,78,319,89,27,1165,35
283,11,11,10,12,296,15,269,13,7,532,5
244A,2,4,1,0,114,2,1,0,0,50,2
220,27,31,34,46,2009,59,460,38,29,1579,31
10F,135,404,466,44,4111,589,937,260,64,1834,80
35,123,287,186,83,3109,445,656,222,69,2876,93
237A,4,11,9,9,214,15,74,4,4,370,4
16B,0,0,0,0,1,0,2,0,0,1,0
360A,0,1,0,2,45,0,4,0,0,112,0
60,12,29,16,27,1226,25,176,33,6,607,8
